lex_id	printed	keyed	category	gloss_as_given	gloss_en	confidence	source	page	leaf	quote	note
v01	ai̯a, (i)i̯a (i̯ai̯a?)	ai̯a	verb	„geben“	to give	secure	kammenhuber1969	526	541	transitiv = heth. päi-	§ 26a no. 1.
v01	i̯a	ai̯a	verb	„wir geben“ (Verbalstamm i̯a)	to give	secure	schuster1974	92	109	„wir geben”	Schuster's stem i̯a; mg-78856 row slot 53.
v02	antiu	antiu	verb	„stehen, sich stellen“	to stand	secure	kammenhuber1969	526	541	sich stellen”, intransitiv. Nur Stammform	§ 26a no. 2.
v03	ḫau̯et	ḫau̯et	verb	u.B. (= heth. šammallii̯a-, u.B.)	verb of unknown meaning	unknown_meaning	kammenhuber1969	526	541	transitiv, u.B. = heth.	§ 26a no. 3.
v04	ḫuru	ḫuru	verb	„gnädig/wohlgesinnt sein(?)“	to be gracious(?)	doubtful	kammenhuber1969	526	541	„gnädig/wohlgesinnt sein(?)”	§ 26a no. 4.
v05	ḫudu	ḫudu	verb	„sich heben (o.ä.)“	to rise	secure	kammenhuber1969	526	541	„sich heben (0.4.)”, intransitiv	§ 26a no. 5.
v06	kaḫḫir/kāḫer	kaḫḫir	verb	„verwalten“	to administer	secure	kammenhuber1969	526	541	kahhir/käher „verwalten”, transitiv	§ 26a no. 6.
v07	kamar	kamar	verb	= heth. iškalli „er schlitzte auf“	to slit open	secure	kammenhuber1969	526	541	kamar = heth. iSkalli	§ 26a no. 7.
v08	gapnu	gapnu	verb	u.B.	verb of unknown meaning	unknown_meaning	kammenhuber1969	526	541	8) gapnu, u.B.	§ 26a no. 8.
v09	kun(nu)	kun	verb	„sehen“	to see	secure	kammenhuber1969	526	541	kun(nu) sehen", trans. = heth.	§ 26a no. 9.
v09	u̯aₐ-aḫ-ku-un	kun	verb	„sie sah es“	to see	secure	schuster1974	105	122	„sie sah es"	Stem kun per mg-78856 row slot 89.
v10	kuru	kuru	verb	„sehen“	to see	secure	kammenhuber1969	527	542	10) kuru „sehen’’, trans.	§ 26a no. 10.
v11	kuu̯a	kuu̯a	verb	„packen, ergreifen“	to seize	secure	kammenhuber1969	527	542	„packen, ergreifen”, trans. = heth. ep(p)-/ap(p)-	§ 26a no. 11; page image checked at 250 dpi (kuu̯a, not ku̯a).
v12	miš(a)	miš	verb	„nehmen“	to take	secure	kammenhuber1969	527	542	„nehmen’”, trans. = heth.	§ 26a no. 12.
v12	miš	miš	verb	„nimm !“; miš als Stamm des Verbums „nehmen“	to take	secure	schuster1974	116	133	als Stamm des Verbums „nehmen	mg-78856 row slot 73.
v13	neš	neš	verb	„legen“	to lay	secure	kammenhuber1969	527	542	„legen’”, trans. = heth.	§ 26a no. 13.
v14	niu̯aₐš (nu̯aₐš)	niu̯aₐš	verb	„sitzen (sich setzen?)“	to sit	secure	kammenhuber1969	527	542	„sitzen (sich setzen ?)”, intrans.	§ 26a no. 14.
v15	nuu̯a [nuu̯]	nuu̯a	verb	„kommen, gehen“	to come, go	secure	kammenhuber1969	527	542	„kommen, gehen”, intrans.	§ 26a no. 15.
v15	nu	nuu̯a	verb	„gehen“ (Wortstamm)	to go	secure	schuster1974	146	163	Wortstamm nu „gehen“	Schuster's stem nu; mg-78856 row slot 3. Same verb as Kammenhuber's nuu̯a, so it is listed under that entry.
v16	pu(?)	pu	verb	„machen“	to make	doubtful	kammenhuber1969	528	543	machen", trans. = heth.	§ 26a no. 16.
v16	bu	pu	verb	„machen“ (Verbalstamm)	to make	secure	schuster1974	89	106	zu bu „machen	mg-78856 row slot 25.
v17	put	put	verb	„sein, existieren“	to be	secure	kammenhuber1969	528	543	17) put „sein, existieren”, intrans.	§ 26a no. 17.
v18	pu/u̯aₐu [f(a)u]	u̯aₐu	verb	„(fr)essen“	to eat	secure	kammenhuber1969	528	543	trans. = heth. ed-/ad-	§ 26a no. 18; the p/u̯ ([f]) alternation is keyed with u̯ (see README).
v19	ša(?)	ša	verb	= heth. SIG₅-aḫḫ-, ungefähr „begünstigen, gesund machen“	to favour(?)	doubtful	kammenhuber1969	528	543	ungefähr „begünstigen, gesund ma-	§ 26a no. 19.
v20	šuḫ oder eher kašuḫ	kašuḫ	verb	„schützen“	to protect	secure	kammenhuber1969	528	543	schützen", trans. = heth.	§ 26a no. 20 (Kammenhuber prefers kašuḫ).
v21	šul(a)	šul	verb	„(los)lassen“	to let go	secure	kammenhuber1969	528	543	„(los)lassen’, trans. = heth. tarna-	§ 26a no. 21.
v22	šuu̯aₐ [šuf]	šuu̯aₐ	verb	„setzen, stellen“	to set, place	secure	kammenhuber1969	529	544	stellen”, trans. = heth. däi-	§ 26a no. 22.
v23	taḫ(ḫ)il	taḫil	verb	„schütten“	to pour	secure	kammenhuber1969	529	544	23) tah(h)il ,,schitten”, trans.	§ 26a no. 23.
v24	teḫ	teḫ	verb	„bauen“	to build	secure	kammenhuber1969	529	544	24) teh „bauen’, trans.	§ 26a no. 24.
v25	tuḫ	tuḫ	verb	„nehmen“	to take	secure	kammenhuber1969	529	544	25) tuh nehmen", trans.	§ 26a no. 25.
v26	*dundu	dundu	verb	u.B.	verb of unknown meaning	unknown_meaning	kammenhuber1969	529	544	26) *dundu, u.B., trans.	§ 26a no. 26; starred: stem known only from prefixed forms.
v27	zaraš	zaraš	verb	„rufen“	to call	secure	kammenhuber1969	529	544	27) zara$ „rufen”, trans.	§ 26a no. 27.
v28	*ziḫer	ziḫer	verb	„sich verbergen (o.ä.)“	to hide	doubtful	kammenhuber1969	529	544	„sich verbergen (o.ä.)”, intrans.	§ 26a no. 28; starred: stem known only from prefixed forms.
v29	*zii̯a	zii̯a	verb	„liegen“	to lie	secure	kammenhuber1969	529	544	„liegen’, intrans.	§ 26a no. 29; starred: stem known only from prefixed forms.
v30	zik	zik	verb	„von oben auf etwas herab/hinab fallen“	to fall	secure	kammenhuber1969	530	545	„von oben auf etwas herab/hinab fallen”	§ 26a no. 30.
v31	tu	tu	verb	„essen“ (Verbalstamm, = heth. ed-)	to eat	secure	schuster1974	93	110	analog tu ‚essen”	mg-78856 row slot 75. Schuster's stem; distinct from Kammenhuber's u̯aₐu.
n01	alip/u, alep/u [alef]	alep	noun	„Wort, Sache“	word, thing	secure	kammenhuber1969	446	461	„Wort, Sache”	Word list § 9 (all words collected in RHA 70).
n01	aleb	alep	noun	„Zunge“	tongue	secure	schuster1974	96	113	aleb „Zunge“	mg-78856 row slot 6. Same word as Kammenhuber's alep (b/p merged).
n02	eštan (aštan)	eštan	theonym	„Sonnengott, Tag“	sun god; day	secure	kammenhuber1969	446	461	„Sonnengott, Tag”	
n03	ḫaippin, mu-ḫaippin	ḫaippin	noun	(Nomen)	noun of unknown meaning	unknown_meaning	kammenhuber1969	446	461	(Nomen); hanuagSuit	
n04	ḫanu̯aₐšuit	ḫanu̯aₐšuit	noun	„Thron(göttin)“	throne (goddess)	secure	kammenhuber1969	446	461	„Ihron(göttin)	
n05	Ḫašammil	Ḫašammil	theonym	(GN)	deity name (divine smith)	secure	kammenhuber1969	446	461	Hasammil (GN)	p. 436: hatt. Gott Ḫašammil … als göttlicher Schmied.
n06	Ḫattuš	Ḫattuš	toponym	(ON)	place name (Ḫattuša)	secure	kammenhuber1969	446	461	Hattu$ (ON)	
n07	ḫer	ḫer	noun	(Nomen)	noun of unknown meaning	unknown_meaning	kammenhuber1969	446	461	her (Nomen)	
n08	(i)i̯aḫ	i̯aḫ	noun	„Himmel“	sky	secure	kammenhuber1969	446	461	‚„Himmel’; tppulasne	
n09	ippulašne	ippulašne	noun	„x-Brot“	a kind of bread	secure	kammenhuber1969	446	461	tppulasne ,,x-Brot’’	
n10	iškinau̯ar	iškinau̯ar	noun	„Hammer(o.ä.)“	hammer (or similar)	doubtful	kammenhuber1969	446	461	iSkinauar	
n11	ištarrazil	ištarrazil	noun	„Erde“	earth	secure	kammenhuber1969	447	462	iStarrazıl Erde”	
n11	*štarrazil	ištarrazil	noun	Wort für „Erde“	earth	secure	schuster1974	107	124	als Wort für „Erde”	mg-78856 row slot 63 (Schuster's stem *štarrazil, i- analysed as a prefix).
n12	Kakšaz-et	Kakšazet	theonym	(GN)	deity name (the goddess of Kakšat)	secure	kammenhuber1969	447	462	Kaksaz-et (GN)	p. 461: Lokalgöttin Kakšaz-et „Kakšaz-erin“.
n13	kantiš	kantiš	noun	(Nomen)	noun of unknown meaning	unknown_meaning	kammenhuber1969	447	462	kantiš (Nomen)	
n14	karam	karam	noun	„Libationsgefäß bzw. -getränk“	libation vessel / drink	secure	kammenhuber1969	447	462	karam ,,LibationsgefaB bzw. -getränk’”	
n15	Kašbaruịaḫ	Kašbaruiaḫ	theonym	(GN, Wortende an (i)i̯aḫ „Himmel“ erinnernd)	deity name	secure	kammenhuber1969	447	462	KaSbaruiah	
n16	kat(t)aḫ	kataḫ	noun	„Königin“	queen	secure	kammenhuber1969	447	462	‚Königin”	
n17	katte	katte	noun	„König“	king	secure	kammenhuber1969	447	462	katte ‚König;	
n18	Laḫzan	Laḫzan	toponym	(ON)	place name	secure	kammenhuber1969	447	462	Lahzan (ON)	
n19	Leluu̯ani	Leluu̯ani	theonym	(GN)	deity name	secure	kammenhuber1969	447	462	Leluuani (GN)	
n20	malḫip	malḫip	adjective	„gut“ (bzw. „Subst.“)	good	secure	kammenhuber1969	447	462	malhıp eut (bzw. ,,subst.”)	
n20	malḫib	malḫip	adjective	„gut“	good	secure	schuster1974	101	118	malhib = „gut'	mg-78856 row slot 57.
n21	munamuna	munamuna	noun	„Grundstein“	foundation stone	secure	kammenhuber1969	447	462	munamuna ,,Grund-	
n22	muu̯akkupakku	muu̯akkupakku	noun	„Hammer(o.ä.)“	hammer (or similar)	doubtful	kammenhuber1969	447	462	muuakkupakku ,,Hammer(o.a.)”	
n23	pala, bala (u̯ala vielleicht fehlerhaft)	pala	particle	„und“ („dann“, Wort- und Satzanschluß)	and, then	secure	kammenhuber1969	447	462	pala, bala (wala viel-	
n24	pin	pin	noun	(Nomen)	noun of unknown meaning	unknown_meaning	kammenhuber1969	447	462	pin (Nomen)	
n25	pinu	pinu	noun	„Kind“	child	secure	kammenhuber1969	447	462	pinu ,,Kind”	
n26	pirpir	pirpir	noun	(Nomen)	noun of unknown meaning	unknown_meaning	kammenhuber1969	447	462	pirpir (No-	
n27	p/u̯aₐkku	u̯aₐkku	noun	„Truppe(n)“	troop(s)	secure	kammenhuber1969	447	462	‚Truppe(n)”	Listed under 'mit [f]'.
n28	p/u̯aₐzizintu	u̯aₐzizintu	noun	„Enkel“	grandson	secure	kammenhuber1969	447	462	p/vagztzintu Enkel”	Listed under 'mit [f]'.
n29	p/u̯eₑl	u̯eₑl	noun	„Haus“	house	secure	kammenhuber1969	447	462	plyveel Haus	Listed under 'mit [f]'; p. 460 p/u̯eₑl [fel] „Haus“.
n30	P/U̯eₑl-u̯aₐḫiši	U̯eₑl-u̯aₐḫiši	theonym	(GN) „Haus-U̯aₐḫiši“	deity name ('U̯aₐḫiši of the house')	secure	kammenhuber1969	447	462	P/Ued-washisi (GN)	
n31	p/u̯uᵤlašne [fulašne]	u̯uᵤlašne	noun	„Brot“	bread	secure	kammenhuber1969	447	462	‚Brot ;	p. 466 also: p/u̯uᵤlašne [fulašne] „Brot“.
n32	p/u̯uᵤnan	u̯uᵤnan	noun	„mortalis“	mortal	secure	kammenhuber1969	447	462	‚„mortalis’	
n33	šaḫ, genauer ašaḫ	ašaḫ	adjective	„böse“ (bzw. „Subst.“)	bad, evil	secure	kammenhuber1969	447	462	Genauer aSah;s. § II.	Footnote 2 to šaḫ in the word list.
n34	šepšep	šepšep	noun	„Schuh, Sandale“	shoe, sandal	secure	kammenhuber1969	447	462	Sepsep „Schuh,	
n35	(a)šḫap/u [šḫaf]	šḫap	noun	„Gott“	god	secure	kammenhuber1969	447	462	(a)shap/u [Skaf] „Gott?	
n36	šinit(i)	šinit	noun	„Kupfer“	copper	secure	kammenhuber1969	447	462	šinit(i) „Kupfer”	
n37	šteraḫ	šteraḫ	noun	(Nomen)	noun of unknown meaning (le-šteraḫ glossed 'his hide(s)' on p. 481 per mg-78856)	unknown_meaning	kammenhuber1969	447	462	Sterah	
n38	takeḫa	takeḫa	noun	„Löwe“	lion	secure	kammenhuber1969	447	462	takeha ,,L6we’	
n39	takkeḫal	takkeḫal	noun	„Held“	hero	secure	kammenhuber1969	447	462	takkehal ,,Held’’	
n40	tabarna	tabarna	title	„Herrscher“	ruler	secure	kammenhuber1969	447	462	tabarna Herrscher"	p. 432: hatt. Appellativum „Herrscher“, also Hittite title.
n41	Taru, oft Šaru	Taru	theonym	„Wettergott“	storm god	secure	kammenhuber1969	447	462	Taru, oft Saru ‚‚Wettergott’’	
n42	tittaḫzilat	tittaḫzilat	noun	„Thron, Herrschersitz (o.ä.)“	throne	secure	kammenhuber1969	447	462	tittahzilat „Thron, Herrscher-	
n43	teu̯aₐ-šḫapi	teu̯aₐ-šḫapi	theonym	(Kompositum mit „Gott“)	deity name (compound with 'god')	secure	kammenhuber1969	447	462	teuag-Shapt (Kompositum mit Gott"	
n44	u̯uᵤr	u̯uᵤr	noun	„Land“	land	secure	kammenhuber1969	447	462	Uuyr Land"	
n45	U̯uᵤrun-katta-inu	U̯uᵤrun-katta-inu	theonym	(GN) „Landeskönigkind“	deity name ('child of the king of the land')	secure	kammenhuber1969	447	462	Uuyrun-katta-inu (GN)	Gloss from Anm. 1 on the same page.
n46	U̯uᵤrun-šemu	U̯uᵤrun-šemu	theonym	(GN) „Landes-šemu“ für die Sonnengöttin von Arinna	sun goddess of Arinna	secure	kammenhuber1969	447	462	(GN) „Landes-šemu” für die Sonnengöttin von Arinna	
n47	zari	zari	noun	„Mensch“	man, human	secure	kammenhuber1969	447	462	zari Mensch"	
n48	zuḫ	zuḫ	noun	„Kleid“	garment	secure	kammenhuber1969	447	462	zuk ,,Kleid’’	
n49	U̯uᵤrunkatte	U̯uᵤrunkatte	theonym	„Landeskönig“	deity name ('king of the land')	secure	kammenhuber1969	447	462	Uu,runkatte Landes-	Anm. 1.
n50	šaḫtaril	šaḫtaril	title	hatt. šaḫtaril (heth. šaḫtarili-, Kultfunktionär)	a cult functionary	secure	kammenhuber1969	447	462	hatt. Saktaril	Anm. 3; p. 435.
n51	duddušḫii̯al	duddušḫii̯al	title	(heth. duddušḫii̯alla-, Hofangestellter)	a court official	secure	kammenhuber1969	447	462	dudduShiial als duddushiialla-	Anm. 3; p. 435.
n52	šaḫiš	šaḫiš	noun	(Holzart)	a kind of wood	secure	kammenhuber1969	447	462	(Holzart)	Anm. 3; p. 437.
n53	ḫalau̯eₑš	ḫalau̯eₑš	title	(heth. ḫalau̯aₐi̯a-, Kultfunktionär)	a cult functionary	secure	kammenhuber1969	447	462	(Holzart) und halaue.s	Anm. 3; p. 435 ḫa-la-u̯eₑ-iš.
n54	tumil	tumil	noun	„Regen“	rain	secure	kammenhuber1969	447	462	Zumil „Regen’	Anm. 3; p. 466; mg-78856 row slot 13 (p. 444).
n55	tau̯ananna	tau̯ananna	title	„Herrscherin“	queen (title)	secure	kammenhuber1969	432	447	für die regierende ,,Herr-	Hattic appellative 'Herrscherin'.
n56	u̯aₐ-tuḫkante-n	tuḫkante	title	hatt. u̯aₐ-tuḫkante-n (Kollektiv); heth. tuḫkanti-, „Bezeichnung eines der höchsten heth. Würdenträger, der immer ein Königssohn ist“	high dignitary, always a king's son	secure	kammenhuber1969	433	448	Hatt. in waq-tuhkante-n	p. 432: tuḫkanti- „hattischer Herkunft“.
n57	Telipinu	Telipinu	theonym	(= Göttername)	deity name	secure	kammenhuber1969	432	447	(= Göttername)	Royal name formed with Hattic material.
n58	Ḫuzzii̯a	Ḫuzzii̯a	personal_name	(hatt. Name bzw. mit hatt. Sprachmaterial gebildet)	Old Hittite royal name	doubtful	kammenhuber1969	432	447	Huzziia usw.	Kammenhuber: 'hatt. Namen bzw. Namen, die mit hatt. Sprachmaterial gebildet sind'.
n59	Kataḫzip/u̯uᵤri	Kataḫziu̯uᵤri	theonym	(heth., luw. Kamrušepa)	deity name	secure	kammenhuber1969	433	448	Katahzi-	Palaic goddess 'mit Sicherheit aus dem Hatt. entlehnt'.
n60	Zaparu̯aₐ	Zaparu̯aₐ	theonym	(Palaic god, aller Wahrscheinlichkeit nach aus dem Hatt.)	deity name	doubtful	kammenhuber1969	433	448	aller Wahrscheinlichkeit nach	
n61	Tašḫapuna	Tašḫapuna	theonym	(hatt. Gott; heth. Zašḫapuna)	deity name	secure	kammenhuber1969	435	450	EZEN dashapuna für den hatt. Gott	
n62	Zilipuri	Zilipuri	theonym	(hatt. Gott)	deity name	secure	kammenhuber1969	435	450	Priester des hatt. Gottes	
n63	taḫai̯a	taḫai̯a	title	„Barbier“	barber	secure	kammenhuber1969	435	450	Barbier” (< hatt.	
n64	pár-ši-e-el	pár-ši-e-el	title	„Statuenanbeter“	statue-worshipper (cult functionary)	secure	kammenhuber1969	435	450	,,Statuenanbeter’”	
n65	ḫaggazuel	ḫaggazuel	title	„Tränker“ (heth. e/akuttara-)	cupbearer (cult functionary)	secure	kammenhuber1969	435	450	hatt. haggazuel	
n66	ureš	ureš	noun	„Schmied“	smith	secure	kammenhuber1969	436	451	hatt. ures huzzaSSar-Su	= heth. LÚE.DÉ.A innarau̯andan „Schmied, hoheitsmächtiger“.
n67	ḫuzzaššai	ḫuzzaššai	noun	(hatt. ureš ḫuzzaššai-šu = „Schmied, hoheitsmächtiger“)	mighty (?) smith	doubtful	kammenhuber1969	436	451	„Schmied, hoheitsmächtiger””	Which Hattic word carries which part of the gloss is not stated.
n68	ḫapalki	ḫapalki	noun	„Eisen“	iron	secure	kammenhuber1969	436	451	hatt. hapalkı ,,Eisen’”’	
n69	zinar	zinar	noun	„Musik“	music (instrument)	secure	kammenhuber1969	437	452	hatt. zinar ,,Musik’’	
n70	ippi(-zinar)	ippi	adjective	ippi-zinar „Klein-Musik“	small	doubtful	kammenhuber1969	437	452	„Klein-Musik’”	mg-78856 row slot 95 (p. 452). Gloss of ippi alone inferred from the compound.
n71	zintuḫi	zintuḫi	noun	„Enkelin“, genauer(?) „Jungfrau“	granddaughter; maiden(?)	doubtful	kammenhuber1969	460	475	Hatt. zintuhi (oder *zintuh)	Kammenhuber: not attested in Hattic texts, recovered from Hittite loans.
n72	Arinna	Arinna	toponym	Hatt. Arinna (ON)	place name	secure	kammenhuber1969	461	476	Hatt. Arinna (ON)	
n73	Narak	Narak	toponym	hatt. Narak (Nerik)	place name (Nerik)	secure	kammenhuber1969	461	476	(hatt. Narak)	
n74	URUZi-ip-pa-la-an-ta	Zippalanta	toponym	hatt. Ziplanda	place name (Ziplanda)	secure	kammenhuber1969	461	476	(hatt. URUZ1-1p-pa-la-an-ta	
n75	Ḫanniku	Ḫanniku	toponym	Ortsname Ḫanniku (heth. Ankuu̯a)	place name	secure	kammenhuber1969	461	476	zum Ortsnamen Hanniku	
n76	ur(a/i)	ur	noun	„Brunnen; Quelle(?)“	well, spring	doubtful	kammenhuber1969	462	477	„Brunnen; Ouelle(?)”	
n77	kud(u)	kud	noun	„Seele“	soul	secure	kammenhuber1969	462	477	kud(u) ,,Seele’’	p. 466: kud(u) „Seele“.
n78	zar	zar	noun	„Schaf“ (zar-du ⇒ heth. UDU)	sheep	secure	kammenhuber1969	462	477	heth. UDU ,,Schaf’’	
n79	zii̯apa	zii̯apa	noun	„Gebirge“	mountains	secure	kammenhuber1969	466	481	zızapa ,,Gebirge”	Page image checked at 250 dpi.
n80	pipiz(z)il	pipizil	noun	„Wind“	wind	secure	kammenhuber1969	466	481	pipiz(z)il Wind”	mg-78856 row slot 48.
n81	šak(k)il	šakil	noun	Nomen u.B.	noun of unknown meaning	unknown_meaning	kammenhuber1969	466	481	Nomen u.B. mit Sakkil(z)	
n82	p/u̯idu [fidu]	u̯idu	noun	u.B.	noun of unknown meaning	unknown_meaning	kammenhuber1969	466	481	pjundu | fidu], u.B.	
n83	kurkupal	kurkupal	noun	„Nagel“	nail	secure	kammenhuber1969	479	494	kurkupal ,,Nagel’’ (Einzahl!)	
n84	tetekuzzan	tetekuzzan	noun	= heth. GUNNI „Herd“	hearth	secure	kammenhuber1969	479	494	GUNNI „Herd von Eisen”	ḫapalkii̯-an tetekuzzan = heth. AN.BAR-aš GUNNI.
n85	ḫapraš(-un)	ḫapraš	noun	= heth. UR.TUG „Panther“ (Gen.)	panther	secure	kammenhuber1969	479	494	dem Panther).”’	hatt. ḫapraš-un = ŠA UR.TUG.
n86	kaštip(-an)	kaštip	noun	„Gen.“ kaštip-an = heth. KÁ-aš „des Tores“	gate	secure	kammenhuber1969	480	495	KA-as des Tores” jetzt sicher	
n87	u̯aₐe (le-u̯aₐe)	u̯aₐe	noun	le-u̯aₐe „seine-Werkzeug(e), Gerät(e)“	tool(s)	doubtful	kammenhuber1969	480	495	seine-Werkzeug(e), Gerät(e)’	Footnote c; same form as Schuster's vae- „Haus“ (next row).
n87	vae-	u̯aₐe	noun	„Haus“ (Wortstamm)	house	secure	schuster1974	97	114	den Wortstamm vae- „Haus”	mg-78856 row slot 26. Schuster's reading of the same ua-e form.
n88	katte-šḫapi	katte-šḫapi	theonym	hatt. Göttername „König + Gott“	deity name ('king-god')	secure	kammenhuber1969	495	510	Es gibt einen hatt. Götternamen katte-Shapt	
n89	LÚḫantip-šuu̯aₐ	ḫantip-šuu̯aₐ	title	hatt. Name des „Kochs“	cook (title)	secure	kammenhuber1969	496	511	Im hatt. Namen des „Kochs”	
n90	Šulin-katte	Šulin-katte	theonym	„des š. König = König über das š.“	deity name	secure	kammenhuber1969	497	512	Sulin-katte „des š. König	
n91	tiuz (Dupl. ziuz)	tiuz	noun	„Felsen“ (= NA₄peruna-)	rock	secure	schuster1974	93	110	„Felsen” isolieren	mg-78856 row slot 27; page image checked.
n92	tittaḫ	tittaḫ	adjective	„gross“, „erhaben“	great, exalted	secure	schuster1974	126	143	„erhaben” [1.1.7]	mg-78856 row slot 32; page image checked.
n93	zi-e-ḫar / zi-i-ḫar	ziḫar	noun	„Holz“	wood	secure	schuster1974	103	120	„Holz” Laroche 87	mg-78856 row slot 80.
n94	an-na, a-na-a	anna	particle	„dies(er)“; „dies(?)“	this	doubtful	kammenhuber1969	535	550	an-na, a-na-a ,,dies(er)”’	mg-78856 row slot 39.
